edges,ilp_gap,ilp_optimal_found,ilp_runtime,ilp_sa_gap,ilp_solution_size,ilp_valid,instance,known_solution_size,known_solution_valid,nodes,sa_gap,sa_optimal_found,sa_runtime,sa_solution_size,sa_valid
173,3.3333333333333335,True,0.7463335990905762,31.03448275862069,29,True,ds_verifier_bremen_subgraph_100,30,True,109,26.666666666666668,True,0.7047238349914551,38,True
259,2.3255813953488373,True,0.07769632339477539,14.285714285714285,42,True,ds_verifier_bremen_subgraph_150,43,True,164,11.627906976744185,True,1.3333396911621094,48,True
48,10.0,True,0.03395843505859375,0.0,9,True,ds_verifier_bremen_subgraph_20,10,True,32,10.0,True,0.09006690979003906,9,True
338,1.7241379310344827,True,1.4303803443908691,17.543859649122805,57,True,ds_verifier_bremen_subgraph_200,58,True,216,15.517241379310345,True,2.4184277057647705,67,True
411,1.3333333333333335,True,7.50564432144165,22.972972972972975,74,True,ds_verifier_bremen_subgraph_250,75,True,270,21.333333333333336,True,8.18050479888916,91,True
477,1.1764705882352942,True,60.13038873672485,22.61904761904762,84,True,ds_verifier_bremen_subgraph_300,85,True,311,21.176470588235293,True,9.281192302703857,103,True
98,5.555555555555555,True,0.03598642349243164,5.88235294117647,17,True,ds_verifier_bremen_subgraph_50,18,True,63,0.0,True,0.4614722728729248,18,True
9,33.33333333333333,True,0.011070966720581055,0.0,2,True,ds_verifier_test,3,True,7,33.33333333333333,True,0.010030984878540039,2,True
1,33.33333333333333,True,0.011045217514038086,0.0,2,True,ds_verifier_test_isolated,3,True,3,33.33333333333333,True,0.0059354305267333984,2,True
